sample_idx,method,true_label,pred_orig,target_class,pred_cf,l2_norm,normalized_distance,sparsity,range_validity,autocorr,keane_validity,keane_proximity,keane_compactness,validity,temporal_consistency,confidence,elapsed,n_iter,error
1979,imfact_default,0,0,2,2,0.7566748261451721,0.056602142905304,0.0,0.9998,0.9955313960363801,1.0,0.7566748261451721,0.873,1.0,1.0,0.42704248428344727,0.37679219245910645,25.0,
1979,native_guide,0,0,2,2,0.8320137858390808,0.062237782437090695,0.7354,1.0,0.9128296283258598,1.0,0.8320137858390808,0.8128,1.0,1.0,0.38534900546073914,5.227804660797119,,
1979,wachter,0,0,2,0,0.6725898385047913,0.050312267357497095,0.0,0.9844,0.9876156976102577,0.0,0.6725898385047913,0.875,0.0,1.0,0.5761169195175171,0.055941104888916016,,
1979,glacier,0,0,2,1,5.731052398681641,0.4287044258106818,0.0,0.0286,0.0,0.0,5.731052398681641,0.011,0.0,1.0,0.5761169195175171,1.6178646087646484,,
2203,imfact_default,0,0,1,1,0.6680902242660522,0.07131982420205749,0.00019999999999997797,0.9994,0.9390197009262974,1.0,0.6680902242660522,0.8106,1.0,1.0,0.4457986652851105,0.22159647941589355,26.0,
2203,native_guide,0,0,1,1,0.7144312858581543,0.07626681526111133,0.716,0.9602,0.9693022391758627,1.0,0.7144312858581543,0.8514,1.0,1.0,0.42784300446510315,5.333394765853882,,
2203,wachter,0,0,1,0,0.9147140383720398,0.09764735666281602,0.0,0.996,0.9783593444492729,1.0,0.9147140383720398,0.7922,1.0,1.0,0.5759498476982117,0.03298640251159668,,
2203,glacier,0,0,1,1,4.405858993530273,0.4703333134724926,0.0,0.0102,0.0,1.0,4.405858993530273,0.0128,1.0,1.0,0.5761169195175171,1.1374995708465576,,
2970,imfact_default,0,0,2,2,0.5886425375938416,0.10159499772747267,0.00019999999999997797,1.0,0.9999378450487076,1.0,0.5886425375938416,0.748,1.0,1.0,0.5676408410072327,0.17313385009765625,14.0,
2970,native_guide,0,0,2,2,1.0858367681503296,0.18740674848876762,0.04800000000000004,1.0,0.7844804106519834,1.0,1.0858367681503296,0.5754,1.0,1.0,0.38579046726226807,18.38462734222412,,
2970,wachter,0,0,2,0,0.3598352372646332,0.06210468625254082,0.0,1.0,0.9981544872294646,0.0,0.3598352372646332,0.9918,0.0,1.0,0.575920581817627,0.08268165588378906,,
2970,glacier,0,0,2,1,4.3890790939331055,0.7575199753598248,0.0,0.0006,0.0,0.0,4.3890790939331055,0.0006,0.0,1.0,0.5761169195175171,0.9278137683868408,,
3214,imfact_default,1,1,2,2,2.856611728668213,0.11886332918533449,0.0,0.9216,0.9990235813087756,1.0,2.856611728668213,0.3076,1.0,1.0,0.45674440264701843,0.20120763778686523,21.0,
3214,native_guide,1,1,2,2,3.4438514709472656,0.14329831630546658,0.017000000000000015,0.9878,0.9750350453830126,1.0,3.4438514709472656,0.3078,1.0,1.0,0.39305758476257324,18.615601539611816,,
3214,wachter,1,1,2,0,2.2495129108428955,0.09360200791195275,0.0,0.9402,0.9972994035353042,0.0,2.2495129108428955,0.5802,0.0,1.0,0.5761169195175171,0.05025076866149902,,
3214,glacier,1,1,2,1,5.499642848968506,0.22883959055348413,0.0,0.0112,0.0,0.0,5.499642848968506,0.0802,0.0,1.0,0.5761169195175171,0.8813085556030273,,
3366,imfact_default,1,1,2,2,0.9884664416313171,0.05902896500295551,0.00019999999999997797,0.9652,0.9908748828085638,1.0,0.9884664416313171,0.7204,1.0,1.0,0.45978039503097534,0.22563552856445312,25.0,
3366,native_guide,1,1,2,2,1.4725991487503052,0.08794026782690302,0.19920000000000004,0.9982,0.9913568566287292,1.0,1.4725991487503052,0.6384,1.0,1.0,0.3871714770793915,15.331315517425537,,
3366,wachter,1,1,2,1,0.7485259771347046,0.04470026684483819,0.00039999999999995595,0.9484,0.9987126577168159,0.0,0.7485259771347046,0.849,0.0,1.0,0.5761169195175171,0.0453188419342041,,
3366,glacier,1,1,2,1,4.480605125427246,0.26757153505830095,0.0,0.0114,0.0,0.0,4.480605125427246,0.0172,0.0,1.0,0.5761169195175171,0.9049191474914551,,
3853,imfact_default,1,1,0,0,0.0476723313331604,0.008897225627297363,0.0040000000000000036,1.0,0.9999884574591911,1.0,0.0476723313331604,1.0,1.0,1.0,0.5464404821395874,0.11868953704833984,3.0,
3853,native_guide,1,1,0,0,0.37584713101387024,0.07014544144344677,0.652,0.9994,0.9999115068291021,1.0,0.37584713101387024,0.9008,1.0,1.0,0.4014018774032593,7.101506948471069,,
3853,wachter,1,1,0,0,1.6437256336212158,0.306773288041979,0.0,0.8748,0.9764749138753538,1.0,1.6437256336212158,0.4648,1.0,1.0,0.5761169195175171,0.051770925521850586,,
3853,glacier,1,1,0,0,4.25627326965332,0.7943606396526058,0.0,0.0074,0.0,1.0,4.25627326965332,0.0022,1.0,1.0,0.5761169195175171,0.9255702495574951,,
4211,imfact_default,1,1,0,0,0.23515021800994873,0.02055278102239284,0.0010000000000000009,0.9306,0.9982926267915793,1.0,0.23515021800994873,0.9738,1.0,1.0,0.4597594439983368,0.14158391952514648,8.0,
4211,native_guide,1,1,0,0,0.9901899099349976,0.08654534349024451,0.6556,0.9596,0.9992310783920633,1.0,0.9901899099349976,0.8084,1.0,1.0,0.41007769107818604,6.640053987503052,,
4211,wachter,1,1,0,0,1.6433659791946411,0.14363474291403236,0.0,0.9762,0.9658704553478961,1.0,1.6433659791946411,0.598,1.0,1.0,0.5760985612869263,0.018520832061767578,,
4211,glacier,1,1,0,0,0.3600887656211853,0.031472756483359274,0.00019999999999997797,0.893,0.9999102796760867,1.0,0.3600887656211853,0.9614,1.0,1.0,0.5761166214942932,1.281726598739624,,
4249,imfact_default,1,1,2,2,0.543571949005127,0.05867607853875119,0.00019999999999997797,0.9986,0.9572602563228074,1.0,0.543571949005127,0.898,1.0,1.0,0.40198013186454773,0.1965937614440918,20.0,
4249,native_guide,1,1,2,2,0.5747217535972595,0.06203855591467164,0.5993999999999999,0.9752,0.9996040667179992,1.0,0.5747217535972595,0.8108,1.0,1.0,0.41476863622665405,7.292405605316162,,
4249,wachter,1,1,2,1,1.0547583103179932,0.11385628262991056,0.00019999999999997797,0.969,0.9398370619403829,0.0,1.0547583103179932,0.7944,0.0,1.0,0.5761169195175171,0.04836869239807129,,
4249,glacier,1,1,2,1,3.9122211933135986,0.42230618857352126,0.0,0.04,0.0,0.0,3.9122211933135986,0.0068,0.0,1.0,0.5761169195175171,0.7725532054901123,,
4252,imfact_default,1,1,2,2,1.1943761110305786,0.10366836269413954,0.00019999999999997797,0.9664,0.9891437102702866,1.0,1.1943761110305786,0.5402,1.0,1.0,0.5181809067726135,0.18506217002868652,13.0,
4252,native_guide,1,1,2,2,1.6922733783721924,0.14688439323803065,0.3366,0.9812,0.9966486956472929,1.0,1.6922733783721924,0.5458,1.0,1.0,0.3918231725692749,13.010157108306885,,
4252,wachter,1,1,2,0,0.9524242877960205,0.08266765015983941,0.0,0.9956,0.9960747907222764,0.0,0.9524242877960205,0.8536,0.0,1.0,0.576116681098938,0.049048662185668945,,
4252,glacier,1,1,2,1,4.629895210266113,0.40186139982285574,0.0,0.0006,0.0,0.0,4.629895210266113,0.0218,0.0,1.0,0.5761169195175171,1.1873705387115479,,
4335,imfact_default,1,1,0,0,1.2466416358947754,0.058531466800081255,0.0,0.8614,0.9997301226345119,1.0,1.2466416358947754,0.4742,1.0,1.0,0.4756031632423401,0.1505591869354248,11.0,
4335,native_guide,1,1,0,0,1.9085556268692017,0.08960920050614453,0.5096,0.797,0.996862695360108,1.0,1.9085556268692017,0.622,1.0,1.0,0.5671473741531372,6.9660608768463135,,
4335,wachter,1,1,0,0,2.8976328372955322,0.13604767828346803,0.0,0.9126,0.990008840139929,1.0,2.8976328372955322,0.3316,1.0,1.0,0.5760372281074524,0.017596721649169922,,
4335,glacier,1,1,0,0,4.97951602935791,0.2337948362711639,0.0,0.0658,0.0,1.0,4.97951602935791,0.0838,1.0,1.0,0.5761169195175171,0.6546154022216797,,
4437,imfact_default,1,1,2,2,0.8609653115272522,0.014358494137193874,0.0010000000000000009,0.7374,0.999614896454078,1.0,0.8609653115272522,0.8128,1.0,1.0,0.42351213097572327,0.12448644638061523,6.0,
4437,native_guide,1,1,2,2,1.0784684419631958,0.017985838214095117,0.8371999999999999,0.7564,0.999985846925608,1.0,1.0784684419631958,0.859,1.0,1.0,0.4008280038833618,2.8508799076080322,,
4437,wachter,1,1,2,0,5.537569522857666,0.0923511765964319,0.0,1.0,0.9651273267239954,0.0,5.537569522857666,0.325,0.0,1.0,0.5752345323562622,0.04904508590698242,,
4437,glacier,1,1,2,1,2.679378032684326,0.04468453404397838,0.0,0.3342,0.9942698096521709,0.0,2.679378032684326,0.2068,0.0,1.0,0.5761169195175171,0.8434460163116455,,
4444,imfact_default,1,1,2,2,0.2870498299598694,0.0991219121542001,0.00039999999999995595,1.0,0.9846292338813574,1.0,0.2870498299598694,0.9492,1.0,1.0,0.505355954170227,0.21548247337341309,24.0,
4444,native_guide,1,1,2,2,0.260104238986969,0.08981726110552245,0.5896,1.0,0.8581888493751505,1.0,0.260104238986969,0.962,1.0,1.0,0.3881242573261261,8.527289867401123,,
4444,wachter,1,1,2,1,0.5508206486701965,0.19020528929712235,0.0,0.9976,0.9677164356359338,0.0,0.5508206486701965,0.8086,0.0,1.0,0.5761169195175171,0.044809579849243164,,
4444,glacier,1,1,2,1,4.261980056762695,1.0,0.0,0.0006,0.0,0.0,4.261980056762695,0.0006,0.0,1.0,0.5761169195175171,0.9869282245635986,,
4491,imfact_default,1,1,0,0,0.44627806544303894,0.026973987358188817,0.0011999999999999789,0.8398,0.9973375781998302,1.0,0.44627806544303894,0.9046,1.0,1.0,0.3730447590351105,0.12907671928405762,8.0,
4491,native_guide,1,1,0,0,0.6470435857772827,0.03910867876875579,0.9232,0.8122,0.9999799157540359,1.0,0.6470435857772827,0.9376,1.0,1.0,0.38205456733703613,1.55387544631958,,
4491,wachter,1,1,0,0,1.9425698518753052,0.11741301821514499,0.0,0.9972,0.9605301926601323,1.0,1.9425698518753052,0.4962,1.0,1.0,0.5761168599128723,0.07647252082824707,,
4491,glacier,1,1,0,0,4.652419090270996,0.28120202054157134,0.0,0.0454,0.0,1.0,4.652419090270996,0.0336,1.0,1.0,0.5761169195175171,0.8208117485046387,,
4524,imfact_default,1,1,2,2,0.9260655641555786,0.05162365924873762,0.0006000000000000449,0.926,0.9999823567518527,1.0,0.9260655641555786,0.7612,1.0,1.0,0.4540270268917084,0.1819772720336914,19.0,
4524,native_guide,1,1,2,2,1.0888155698776245,0.060696181933225984,0.6066,0.8858,0.9999411062310033,1.0,1.0888155698776245,0.776,1.0,1.0,0.3895261585712433,8.44931936264038,,
4524,wachter,1,1,2,0,1.4413120746612549,0.08034615074068725,0.00019999999999997797,0.9894,0.9951473385281852,0.0,1.4413120746612549,0.7466,0.0,1.0,0.5761169195175171,0.04979372024536133,,
4524,glacier,1,1,2,1,0.14306846261024475,0.007975372207870195,0.0048000000000000265,0.8778,0.999998454911941,0.0,0.14306846261024475,0.9896,0.0,1.0,0.5761169195175171,2.552564859390259,,
4852,imfact_default,1,1,0,0,0.19804731011390686,0.03621823400934587,0.0013999999999999568,1.0,0.9998151533983805,1.0,0.19804731011390686,0.995,1.0,1.0,0.4705328047275543,0.16506290435791016,8.0,
4852,native_guide,1,1,0,0,0.4193631112575531,0.07669173234252813,0.806,0.9988,0.9995467825336786,1.0,0.4193631112575531,0.919,1.0,1.0,0.4296954274177551,3.5158493518829346,,
4852,wachter,1,1,0,0,2.0697035789489746,0.3785005133835992,0.0,0.8148,0.9906638257376622,1.0,2.0697035789489746,0.4796,1.0,1.0,0.5761165022850037,0.01944589614868164,,
4852,glacier,1,1,0,0,4.113645553588867,0.7522898301708606,0.0,0.0218,0.0,1.0,4.113645553588867,0.0052,1.0,1.0,0.5761169195175171,0.7038328647613525,,
5167,imfact_default,1,1,2,2,0.22331397235393524,0.11139485069751869,0.00039999999999995595,1.0,0.9614214832606589,1.0,0.22331397235393524,0.9872,1.0,1.0,0.48359042406082153,0.20511484146118164,24.0,
5167,native_guide,1,1,2,2,0.13302560150623322,0.06635664961997322,0.8628,1.0,0.9987041073958789,1.0,0.13302560150623322,0.9958,1.0,1.0,0.36684706807136536,2.6700549125671387,,
5167,wachter,1,1,2,0,0.3082152009010315,0.15374580428250173,0.0,1.0,0.9851030239057186,0.0,0.3082152009010315,1.0,0.0,1.0,0.5718672275543213,0.04899168014526367,,
5167,glacier,1,1,2,1,0.2656340003013611,0.13250518761475658,0.005199999999999982,0.9986,0.5365964837128222,0.0,0.2656340003013611,0.9666,0.0,1.0,0.5761169195175171,3.9079267978668213,,
5936,imfact_default,1,1,0,0,0.9389435052871704,0.073798407817727,0.0,0.9332,0.9937514695167557,1.0,0.9389435052871704,0.6684,1.0,1.0,0.5096937417984009,0.15405511856079102,12.0,
5936,native_guide,1,1,0,0,1.3714935779571533,0.10779566802000491,0.7686,0.9248,0.9997623724449961,1.0,1.3714935779571533,0.8156,1.0,1.0,0.5194486379623413,4.189391136169434,,
5936,wachter,1,1,0,0,2.5270116329193115,0.19861624687342913,0.0,0.8792,0.9814475177218394,1.0,2.5270116329193115,0.3272,1.0,1.0,0.5761169195175171,0.017658472061157227,,
5936,glacier,1,1,0,0,0.220371812582016,0.017320625580646988,0.0010000000000000009,0.8488,0.9999871511632401,1.0,0.220371812582016,0.9864,1.0,1.0,0.576116144657135,1.3468897342681885,,
7160,imfact_default,1,1,0,0,0.31787946820259094,0.09933133206855732,0.00019999999999997797,1.0,0.9647626134372168,1.0,0.31787946820259094,0.9618,1.0,1.0,0.4257485866546631,0.20810461044311523,22.0,
7160,native_guide,1,1,0,0,0.1721878945827484,0.053805466051944646,0.8806,1.0,0.99971866611788,1.0,0.1721878945827484,0.9802,1.0,1.0,0.38291600346565247,1.9322433471679688,,
7160,wachter,1,1,0,0,0.4853875935077667,0.1516744585779602,0.0,1.0,0.983828791464666,1.0,0.4853875935077667,0.9746,1.0,1.0,0.5761168003082275,0.016333580017089844,,
7160,glacier,1,1,0,0,4.226474285125732,1.0,0.0,0.0018,0.0,1.0,4.226474285125732,0.0002,1.0,1.0,0.576116144657135,0.8381707668304443,,
7412,imfact_default,1,1,0,0,0.45580753684043884,0.022909492453891858,0.0,0.7798,0.9994989809036853,1.0,0.45580753684043884,0.8712,1.0,1.0,0.4830547571182251,0.11829757690429688,6.0,
7412,native_guide,1,1,0,0,1.2608585357666016,0.06337242536795058,0.704,0.804,0.9999923602158414,1.0,1.2608585357666016,0.7906,1.0,1.0,0.4467655122280121,5.446015119552612,,
7412,wachter,1,1,0,0,2.3839914798736572,0.11982257949680868,0.0,1.0,0.9931556809135219,1.0,2.3839914798736572,0.5674,1.0,1.0,0.5761168599128723,0.017380237579345703,,
7412,glacier,1,1,0,0,0.5723994374275208,0.028769556298381776,0.00019999999999997797,0.7416,0.9999446098686574,1.0,0.5723994374275208,0.8054,1.0,1.0,0.5761169195175171,0.6060442924499512,,
7781,imfact_default,1,1,0,0,0.10496482998132706,0.01475331992410571,0.0008000000000000229,0.9692,0.9999880418714372,1.0,0.10496482998132706,1.0,1.0,1.0,0.49884098768234253,0.09813976287841797,2.0,
7781,native_guide,1,1,0,0,0.7669621109962463,0.10780027362696672,0.3772,0.964,0.9947142649381043,1.0,0.7669621109962463,0.7886,1.0,1.0,0.40081679821014404,11.940996408462524,,
7781,wachter,1,1,0,0,1.6259734630584717,0.22853851802432487,0.0,0.9232,0.9749993038857051,1.0,1.6259734630584717,0.5854,1.0,1.0,0.5761104226112366,0.018395662307739258,,
7781,glacier,1,1,0,0,4.377816677093506,0.6153235328227157,0.0,0.0004,0.0,1.0,4.377816677093506,0.0004,1.0,1.0,0.5761169195175171,0.9781360626220703,,
7957,imfact_default,1,1,2,2,1.3043692111968994,0.09605227877475829,0.0,0.989,0.9633296288265006,1.0,1.3043692111968994,0.5874,1.0,1.0,0.43985801935195923,0.17864322662353516,16.0,
7957,native_guide,1,1,2,2,1.3402289152145386,0.09869294696710391,0.34240000000000004,0.9496,0.9901211587758365,1.0,1.3402289152145386,0.6158,1.0,1.0,0.3929635286331177,12.980188846588135,,
7957,wachter,1,1,2,0,0.7947992086410522,0.05852811803821662,0.0,0.9898,0.9963234429805835,0.0,0.7947992086410522,0.8742,0.0,1.0,0.5761159062385559,0.04877352714538574,,
7957,glacier,1,1,2,1,3.4821109771728516,0.25641872825037426,0.0,0.2604,0.6138031531922096,0.0,3.4821109771728516,0.0098,0.0,1.0,0.5761169195175171,0.744192361831665,,
8949,imfact_default,2,2,0,0,0.4951951205730438,0.1139414575313278,0.00039999999999995595,1.0,0.9632422994376837,1.0,0.4951951205730438,0.8634,1.0,1.0,0.39188656210899353,0.19730830192565918,22.0,
8949,native_guide,2,2,0,0,0.5341135859489441,0.12289636537589832,0.14559999999999995,1.0,0.9258886882073335,1.0,0.5341135859489441,0.835,1.0,1.0,0.3828791379928589,16.30128240585327,,
8949,wachter,2,2,0,0,0.7506362199783325,0.17271693808526067,0.0,1.0,0.9889953633031253,1.0,0.7506362199783325,0.8328,1.0,1.0,0.5760625004768372,0.022948741912841797,,
8949,glacier,2,2,0,0,4.227487087249756,0.9727196824126492,0.0,0.0018,0.0,1.0,4.227487087249756,0.0002,1.0,1.0,0.5761162042617798,0.8348684310913086,,
9022,imfact_default,2,2,0,0,1.247527003288269,0.12305573967178415,0.0,0.9858,0.9988202944241215,1.0,1.247527003288269,0.4952,1.0,1.0,0.5119216442108154,0.22234869003295898,24.0,
9022,native_guide,2,2,0,0,1.1491717100143433,0.11335399908215663,0.5176000000000001,0.9444,0.9998495849799021,1.0,1.1491717100143433,0.6992,1.0,1.0,0.4209766983985901,10.231629610061646,,
9022,wachter,2,2,0,0,5.230645656585693,0.5159495293773816,0.0,0.7908,0.9981145940779624,1.0,5.230645656585693,0.246,1.0,1.0,0.5761168599128723,0.03419327735900879,,
9022,glacier,2,2,0,0,4.512701034545898,0.44513165828070933,0.0,0.017,0.0,1.0,4.512701034545898,0.0134,1.0,1.0,0.5761169195175171,0.9504828453063965,,
9872,imfact_default,2,2,0,0,0.8099910616874695,0.10068603889403839,0.00019999999999997797,0.992,0.9997692890884845,1.0,0.8099910616874695,0.7828,1.0,1.0,0.48254284262657166,0.23601937294006348,21.0,
9872,native_guide,2,2,0,0,0.8170078992843628,0.10155826775755461,0.21240000000000003,1.0,0.9333372698582495,1.0,0.8170078992843628,0.839,1.0,1.0,0.36887428164482117,15.578524827957153,,
9872,wachter,2,2,0,0,0.7530508041381836,0.09360807315167562,0.0,1.0,0.9704325767403924,1.0,0.7530508041381836,0.9082,1.0,1.0,0.5761165618896484,0.020252704620361328,,
9872,glacier,2,2,0,0,4.312457084655762,0.5360605101616007,0.0,0.0074,0.0,1.0,4.312457084655762,0.0076,1.0,1.0,0.5761169195175171,1.1609091758728027,,
10007,imfact_default,2,2,1,1,0.4870395064353943,0.05262269391819679,0.00039999999999995595,1.0,0.9516525710593994,1.0,0.4870395064353943,0.8884,1.0,1.0,0.4998428225517273,0.318359375,36.0,
10007,native_guide,2,2,1,1,0.43511825799942017,0.04701280821448057,0.37860000000000005,0.9588,0.9864590260293998,1.0,0.43511825799942017,0.9182,1.0,1.0,0.3954516351222992,12.30851411819458,,
10007,wachter,2,2,1,1,0.7373631596565247,0.07966917538404422,0.0,0.9894,0.9673432256941176,1.0,0.7373631596565247,0.908,1.0,1.0,0.5759760737419128,0.0466153621673584,,
10007,glacier,2,2,1,1,4.284407138824463,0.4629132596191225,0.0,0.0176,0.0,1.0,4.284407138824463,0.003,1.0,1.0,0.5761169195175171,0.8622851371765137,,
10047,imfact_default,2,2,0,0,0.8755351901054382,0.12000334953648129,0.00019999999999997797,1.0,0.9998939449242129,1.0,0.8755351901054382,0.6476,1.0,1.0,0.4594387412071228,0.2288379669189453,23.0,
10047,native_guide,2,2,0,0,0.9305033087730408,0.12753743660959677,0.401,1.0,0.993210522179784,1.0,0.9305033087730408,0.7014,1.0,1.0,0.3510116934776306,10.390776634216309,,
10047,wachter,2,2,0,0,1.7357497215270996,0.23790680591054497,0.0,0.8986,0.9863347019713368,1.0,1.7357497215270996,0.3754,1.0,1.0,0.5761169195175171,0.018304824829101562,,
10047,glacier,2,2,0,0,2.79925274848938,0.3836735631122641,0.0006000000000000449,0.4484,0.0,1.0,2.79925274848938,0.2118,1.0,1.0,0.5761169195175171,1.2940647602081299,,
11306,imfact_default,2,2,0,0,1.0390256643295288,0.06253986553984145,0.0,0.9772,0.9932860657278878,1.0,1.0390256643295288,0.8548,1.0,1.0,0.41317978501319885,0.22490525245666504,27.0,
11306,native_guide,2,2,0,0,1.070131778717041,0.06441216983226454,0.25560000000000005,0.9794,0.9867338830068801,1.0,1.070131778717041,0.8748,1.0,1.0,0.38670453429222107,9.176074266433716,,
11306,wachter,2,2,0,0,1.688940167427063,0.10165878919255099,0.0,0.9532,0.9714594310156539,1.0,1.688940167427063,0.7044,1.0,1.0,0.5761168599128723,0.04598116874694824,,
11306,glacier,2,2,0,0,4.366302967071533,0.26281160306379153,0.0,0.0206,0.0,1.0,4.366302967071533,0.0104,1.0,1.0,0.5761169195175171,1.065119743347168,,
11529,imfact_default,2,2,0,0,0.5679126381874084,0.11919207960749895,0.00019999999999997797,1.0,0.9539137106561575,1.0,0.5679126381874084,0.7914,1.0,1.0,0.38990911841392517,0.2334580421447754,19.0,
11529,native_guide,2,2,0,0,0.3791782259941101,0.07958097471182893,0.5624,0.9956,0.9857558649405758,1.0,0.3791782259941101,0.9168,1.0,1.0,0.45042213797569275,8.377157926559448,,
11529,wachter,2,2,0,0,0.7963896989822388,0.16714427187718067,0.0,0.9966,0.9757235760530379,1.0,0.7963896989822388,0.754,1.0,1.0,0.5761169195175171,0.019116878509521484,,
11529,glacier,2,2,0,0,3.696287155151367,0.7757674741226523,0.0,0.0848,0.0,1.0,3.696287155151367,0.0284,1.0,1.0,0.5761169195175171,0.6127128601074219,,
11660,imfact_default,2,2,0,0,0.5168092250823975,0.07495909378779958,0.00019999999999997797,1.0,0.9939801703405629,1.0,0.5168092250823975,0.883,1.0,1.0,0.45998528599739075,0.2035360336303711,22.0,
11660,native_guide,2,2,0,0,0.7243523597717285,0.10506158527430723,0.40900000000000003,1.0,0.9081730673052387,1.0,0.7243523597717285,0.849,1.0,1.0,0.3803875744342804,11.705302715301514,,
11660,wachter,2,2,0,0,0.836052417755127,0.12126279592635253,0.0,0.9994,0.9478087532410703,1.0,0.836052417755127,0.8862,1.0,1.0,0.5761111378669739,0.019381046295166016,,
11660,glacier,2,2,0,0,4.289444923400879,0.6221500869291635,0.0,0.0004,0.0,1.0,4.289444923400879,0.001,1.0,1.0,0.5761169195175171,1.0435476303100586,,
11742,imfact_default,2,2,0,0,1.9057514667510986,0.09138485568233042,0.00019999999999997797,0.9996,0.9651958949727035,1.0,1.9057514667510986,0.7492,1.0,1.0,0.42939290404319763,0.27046871185302734,37.0,
11742,native_guide,2,2,0,0,1.6316566467285156,0.07824142328411755,0.40859999999999996,0.9832,0.9690793618384679,1.0,1.6316566467285156,0.7112,1.0,1.0,0.3881324231624603,12.327514886856079,,
11742,wachter,2,2,0,0,1.5697022676467896,0.07527057840216456,0.0,0.9942,0.9384032808237173,1.0,1.5697022676467896,0.717,1.0,1.0,0.5761039853096008,0.023313045501708984,,
11742,glacier,2,2,0,0,0.22853593528270721,0.010958786509366103,0.0006000000000000449,0.8804,0.9999380409281364,1.0,0.22853593528270721,0.9928,1.0,1.0,0.5761169195175171,0.8833415508270264,,
11750,imfact_default,2,2,1,1,1.090114712715149,0.40937561919858795,0.0,0.9666,0.9937998534150158,1.0,1.090114712715149,0.6622,1.0,1.0,0.507809042930603,0.29785728454589844,34.0,
11750,native_guide,2,2,1,1,0.3292663097381592,0.12365083954748443,0.12480000000000002,1.0,0.9555882970060109,1.0,0.3292663097381592,0.9472,1.0,1.0,0.47057947516441345,15.926942825317383,,
11750,wachter,2,2,1,1,0.3997252285480499,0.15011059023190543,0.00019999999999997797,1.0,0.9883104037107574,1.0,0.3997252285480499,0.9262,1.0,1.0,0.5761169195175171,0.049273014068603516,,
11750,glacier,2,2,1,1,4.23431396484375,1.0,0.0,0.003,0.0,1.0,4.23431396484375,0.0012,1.0,1.0,0.5761169195175171,0.915492057800293,,
11840,imfact_default,2,2,0,0,0.952136754989624,0.18247693038631602,0.0,1.0,0.9993752582720955,1.0,0.952136754989624,0.5342,1.0,1.0,0.413169801235199,0.22791695594787598,24.0,
11840,native_guide,2,2,0,0,0.7208013534545898,0.13814151980523945,0.32520000000000004,1.0,0.9996368745174746,1.0,0.7208013534545898,0.7106,1.0,1.0,0.3934827446937561,13.306073188781738,,
11840,wachter,2,2,0,0,1.0341591835021973,0.19819652203044757,0.0,0.9664,0.9914806133835279,1.0,1.0341591835021973,0.7052,1.0,1.0,0.5761091113090515,0.019674062728881836,,
11840,glacier,2,2,0,0,4.338886260986328,0.8315471932482781,0.0,0.0002,0.0,1.0,4.338886260986328,0.0,1.0,1.0,0.5761169195175171,0.97552490234375,,
12232,imfact_default,2,2,0,0,0.6970694661140442,0.10491348257217284,0.0,0.9996,0.9141475026306243,1.0,0.6970694661140442,0.7498,1.0,1.0,0.475096732378006,0.22115230560302734,21.0,
12232,native_guide,2,2,0,0,0.8851750493049622,0.1332245947111746,0.3126,1.0,0.9495617088000345,1.0,0.8851750493049622,0.6674,1.0,1.0,0.38669857382774353,13.406516790390015,,
12232,wachter,2,2,0,0,1.1464306116104126,0.17254525386386196,0.0,0.9748,0.9946937794072369,1.0,1.1464306116104126,0.7024,1.0,1.0,0.5760897994041443,0.019617795944213867,,
12232,glacier,2,2,0,0,2.8007802963256836,0.4215356274965227,0.0,0.4526,0.0,1.0,2.8007802963256836,0.207,1.0,1.0,0.5761169195175171,1.3391366004943848,,
12642,imfact_default,2,2,0,0,1.4180546998977661,0.1070434956214683,0.00019999999999997797,0.9998,0.9968894847536615,1.0,1.4180546998977661,0.6992,1.0,1.0,0.4770742952823639,0.254608154296875,25.0,
12642,native_guide,2,2,0,0,1.337992787361145,0.1009999297529034,0.5926,0.9794,0.9930842662495061,1.0,1.337992787361145,0.708,1.0,1.0,0.38309991359710693,8.115549564361572,,
12642,wachter,2,2,0,0,1.6737573146820068,0.12634550260894784,0.0,0.9994,0.9975624915259209,1.0,1.6737573146820068,0.6674,1.0,1.0,0.5761166214942932,0.017614364624023438,,
12642,glacier,2,2,0,0,4.422459602355957,0.333834467115436,0.0,0.0206,0.0,1.0,4.422459602355957,0.0198,1.0,1.0,0.5761169195175171,0.953324556350708,,
13164,imfact_default,2,2,0,0,0.34150221943855286,0.13198945511872834,0.00039999999999995595,1.0,0.9955528726376729,1.0,0.34150221943855286,0.9408,1.0,1.0,0.41052085161209106,0.2428581714630127,26.0,
13164,native_guide,2,2,0,0,0.32575058937072754,0.12590150326499777,0.1078,1.0,0.9939968910963302,1.0,0.32575058937072754,0.9472,1.0,1.0,0.3844830393791199,17.36792230606079,,
13164,wachter,2,2,0,0,0.6261791586875916,0.24201613125021032,0.0,1.0,0.9881893468972839,1.0,0.6261791586875916,0.9004,1.0,1.0,0.5758039355278015,0.018713951110839844,,
13164,glacier,2,2,0,0,4.251404285430908,1.0,0.0,0.0072,0.0,1.0,4.251404285430908,0.002,1.0,1.0,0.5761169195175171,0.9494094848632812,,
13672,imfact_default,2,2,0,0,0.9628835916519165,0.09565046171053364,0.00039999999999995595,0.963,0.9982944360063558,1.0,0.9628835916519165,0.6938,1.0,1.0,0.4174119532108307,0.24049925804138184,28.0,
13672,native_guide,2,2,0,0,1.1691967248916626,0.11614509535308344,0.10980000000000001,0.9794,0.9878293886484777,1.0,1.1691967248916626,0.7148,1.0,1.0,0.3800635039806366,17.464078664779663,,
13672,wachter,2,2,0,0,1.8184454441070557,0.1806398487130249,0.0,0.9134,0.9476788921016422,1.0,1.8184454441070557,0.6112,1.0,1.0,0.5032070279121399,0.019269704818725586,,
13672,glacier,2,2,0,0,4.38305139541626,0.43540142682597505,0.0,0.021,0.0,1.0,4.38305139541626,0.0116,1.0,1.0,0.5761169195175171,0.8790266513824463,,
14039,imfact_default,2,2,0,0,0.7584194540977478,0.08749283977655113,0.00019999999999997797,0.997,0.97750696346231,1.0,0.7584194540977478,0.8064,1.0,1.0,0.5197446942329407,0.19809842109680176,22.0,
14039,native_guide,2,2,0,0,0.8828594088554382,0.10184849081449596,0.571,0.9986,0.9898952073651582,1.0,0.8828594088554382,0.8126,1.0,1.0,0.38744425773620605,7.7305052280426025,,
14039,wachter,2,2,0,0,0.9077209830284119,0.10471657352777045,0.0,1.0,0.9664416765125231,1.0,0.9077209830284119,0.8268,1.0,1.0,0.5757508277893066,0.018328189849853516,,
14039,glacier,2,2,0,0,2.8017778396606445,0.3232188972612066,0.00019999999999997797,0.4404,0.0,1.0,2.8017778396606445,0.2146,1.0,1.0,0.5761169195175171,1.262270450592041,,
14128,imfact_default,2,2,0,0,1.4291568994522095,0.16598618655787806,0.00019999999999997797,1.0,0.9999165733445315,1.0,1.4291568994522095,0.4704,1.0,1.0,0.39828118681907654,0.29340434074401855,40.0,
14128,native_guide,2,2,0,0,0.678054928779602,0.07875115177909359,0.5274,0.937,0.9999091526345498,1.0,0.678054928779602,0.802,1.0,1.0,0.3843673765659332,9.19774842262268,,
14128,wachter,2,2,0,0,3.9803056716918945,0.462283574345172,0.0,0.8222,0.9994850835272869,1.0,3.9803056716918945,0.3966,1.0,1.0,0.5761169195175171,0.03136420249938965,,
14128,glacier,2,2,0,0,2.8627896308898926,0.332492208469892,0.0,0.437,0.0,1.0,2.8627896308898926,0.2292,1.0,1.0,0.5761169195175171,1.457430124282837,,
14439,imfact_default,2,2,0,0,0.788025438785553,0.1258368279352889,0.00019999999999997797,1.0,0.9988312516231428,1.0,0.788025438785553,0.7528,1.0,1.0,0.5266084671020508,0.24220895767211914,27.0,
14439,native_guide,2,2,0,0,0.792191743850708,0.12650212957125867,0.05559999999999998,1.0,0.7555988572906128,1.0,0.792191743850708,0.7696,1.0,1.0,0.38891708850860596,18.357215404510498,,
14439,wachter,2,2,0,0,0.6708949208259583,0.10713269465607907,0.0,0.9992,0.9887369618917011,1.0,0.6708949208259583,0.8982,1.0,1.0,0.5761157870292664,0.025168657302856445,,
14439,glacier,2,2,0,0,4.292611122131348,0.6854709766745829,0.0,0.0002,0.0,1.0,4.292611122131348,0.0,1.0,1.0,0.5761169195175171,0.9514567852020264,,
14572,imfact_default,2,2,1,1,0.6417391300201416,0.1114647711578189,0.00019999999999997797,0.9966,0.9995278663915146,1.0,0.6417391300201416,0.895,1.0,1.0,0.44510045647621155,0.31666135787963867,40.0,
14572,native_guide,2,2,1,1,0.473388671875,0.08222369107770408,0.5034000000000001,0.9974,0.9875060477984272,1.0,0.473388671875,0.892,1.0,1.0,0.40372005105018616,10.69403600692749,,
14572,wachter,2,2,1,1,0.9618134498596191,0.1670590292378617,0.00019999999999997797,0.9716,0.9852952437850613,1.0,0.9618134498596191,0.6452,1.0,1.0,0.5758236050605774,0.03700876235961914,,
14572,glacier,2,2,1,1,3.1228702068328857,0.5424166872125642,0.0,0.2264,0.0,1.0,3.1228702068328857,0.0408,1.0,1.0,0.5761169195175171,0.8182628154754639,,
15120,imfact_default,2,2,1,1,0.4310741722583771,0.18276659559980768,0.00019999999999997797,1.0,0.95594727891955,1.0,0.4310741722583771,0.9086,1.0,1.0,0.4528898000717163,0.2755618095397949,36.0,
15120,native_guide,2,2,1,1,0.2905695140361786,0.1231955062101285,0.15100000000000002,1.0,0.9617315309467731,1.0,0.2905695140361786,0.9682,1.0,1.0,0.3857894837856293,15.951783657073975,,
15120,wachter,2,2,1,1,0.3624001443386078,0.15365021819480887,0.0,1.0,0.9807457595572192,1.0,0.3624001443386078,0.9668,1.0,1.0,0.5760195851325989,0.03602790832519531,,
15120,glacier,2,2,1,1,4.201224327087402,1.0,0.0,0.0058,0.0,1.0,4.201224327087402,0.0024,1.0,1.0,0.5761169195175171,0.7793858051300049,,
15322,imfact_default,2,2,0,0,1.8436472415924072,0.13693918572787253,0.0,0.9234,0.9995105618892516,1.0,1.8436472415924072,0.3992,1.0,1.0,0.40579500794410706,0.24016571044921875,28.0,
15322,native_guide,2,2,0,0,1.4953196048736572,0.11106671844525924,0.5274,0.941,0.992484683776893,1.0,1.4953196048736572,0.7768,1.0,1.0,0.3929557204246521,9.313924074172974,,
15322,wachter,2,2,0,0,1.6184682846069336,0.12021373938597436,0.0,1.0,0.990553154343078,1.0,1.6184682846069336,0.631,1.0,1.0,0.5761017799377441,0.01753544807434082,,
15322,glacier,2,2,0,0,4.615602016448975,0.3428295649608788,0.0,0.0206,0.0,1.0,4.615602016448975,0.0288,1.0,1.0,0.5761169195175171,0.8712015151977539,,
16192,imfact_default,2,2,0,0,0.6001548171043396,0.0939585881246192,0.00019999999999997797,1.0,0.9970194642622724,1.0,0.6001548171043396,0.7958,1.0,1.0,0.459568053483963,0.21506857872009277,24.0,
16192,native_guide,2,2,0,0,0.4894064664840698,0.07662013083851904,0.6812,0.9948,0.982632751119534,1.0,0.4894064664840698,0.8744,1.0,1.0,0.43927475810050964,6.283666133880615,,
16192,wachter,2,2,0,0,1.1499111652374268,0.1800269305105992,0.0,1.0,0.8120333825544792,1.0,1.1499111652374268,0.4446,1.0,1.0,0.5761169195175171,0.01712656021118164,,
16192,glacier,2,2,0,0,2.7604148387908936,0.43216295778885494,0.0,0.4504,0.0,1.0,2.7604148387908936,0.2022,1.0,1.0,0.5761169195175171,1.3500356674194336,,
16277,imfact_default,2,2,0,0,0.47278422117233276,0.13449519138220084,0.0,1.0,0.9891550242451042,1.0,0.47278422117233276,0.8778,1.0,1.0,0.3870294690132141,0.22354626655578613,24.0,
16277,native_guide,2,2,0,0,0.34899550676345825,0.09928042301684643,0.43520000000000003,1.0,0.9980918483383314,1.0,0.34899550676345825,0.928,1.0,1.0,0.3746863305568695,11.033754110336304,,
16277,wachter,2,2,0,0,1.079254388809204,0.307020664126742,0.0,0.9918,0.7573645443405288,1.0,1.079254388809204,0.4712,1.0,1.0,0.5761169195175171,0.0209352970123291,,
16277,glacier,2,2,0,0,4.247910499572754,1.0,0.0,0.0004,0.0,1.0,4.247910499572754,0.0,1.0,1.0,0.5761169195175171,0.9093167781829834,,
16445,imfact_default,2,2,0,0,0.5561442971229553,0.12037484853968072,0.00039999999999995595,1.0,0.9953624165686819,1.0,0.5561442971229553,0.8006,1.0,1.0,0.43273022770881653,0.18432831764221191,17.0,
16445,native_guide,2,2,0,0,0.5748390555381775,0.12442124211839752,0.3104,1.0,0.9701838321474762,1.0,0.5748390555381775,0.8232,1.0,1.0,0.3912811577320099,13.539782285690308,,
16445,wachter,2,2,0,0,0.5125530362129211,0.11093972269762076,0.0,1.0,0.9948418142986785,1.0,0.5125530362129211,0.947,1.0,1.0,0.5760746002197266,0.019678831100463867,,
16445,glacier,2,2,0,0,4.276944160461426,0.9257246872647392,0.0,0.0004,0.0,1.0,4.276944160461426,0.0,1.0,1.0,0.5761169195175171,1.0117785930633545,,
16666,imfact_default,2,2,0,0,0.8784953951835632,0.09854832048858513,0.0,1.0,0.9994535169999452,1.0,0.8784953951835632,0.758,1.0,1.0,0.41627147793769836,0.21490979194641113,26.0,
16666,native_guide,2,2,0,0,0.9892699718475342,0.11097484946405835,0.049799999999999955,1.0,0.9422549985615393,1.0,0.9892699718475342,0.7958,1.0,1.0,0.3776245415210724,18.422073364257812,,
16666,wachter,2,2,0,0,1.8416205644607544,0.20659028447943667,0.0,0.8638,0.997635961782742,1.0,1.8416205644607544,0.4992,1.0,1.0,0.42052561044692993,0.01894211769104004,,
16666,glacier,2,2,0,0,4.363005638122559,0.4894355511440824,0.0,0.0072,0.0,1.0,4.363005638122559,0.0102,1.0,1.0,0.5761169195175171,0.9358949661254883,,
16867,imfact_default,2,2,0,0,0.984179675579071,0.17822517056928563,0.0,1.0,0.9977184880988919,1.0,0.984179675579071,0.599,1.0,1.0,0.38808876276016235,0.29560422897338867,35.0,
16867,native_guide,2,2,0,0,0.7257587313652039,0.13142770258246375,0.45840000000000003,0.9976,0.9856666050446634,1.0,0.7257587313652039,0.753,1.0,1.0,0.38912278413772583,11.071921586990356,,
16867,wachter,2,2,0,0,0.8734775185585022,0.15817810872992175,0.0,0.9846,0.9908636127787848,1.0,0.8734775185585022,0.8056,1.0,1.0,0.5761067271232605,0.01664280891418457,,
16867,glacier,2,2,0,0,4.320018291473389,0.7823124333544726,0.0,0.0002,0.0,1.0,4.320018291473389,0.0,1.0,1.0,0.5761169195175171,0.9620318412780762,,
16875,imfact_default,2,2,0,0,0.9310917854309082,0.14040897456911824,0.0006000000000000449,0.9966,0.9982977217596539,1.0,0.9310917854309082,0.5898,1.0,1.0,0.43873298168182373,0.2244107723236084,24.0,
16875,native_guide,2,2,0,0,0.9278063774108887,0.1399135338635399,0.19120000000000004,1.0,0.9997445023196746,1.0,0.9278063774108887,0.686,1.0,1.0,0.40913090109825134,15.58517336845398,,
16875,wachter,2,2,0,0,1.1569440364837646,0.1744675748818495,0.0,0.975,0.9774874549848867,1.0,1.1569440364837646,0.5822,1.0,1.0,0.5761168003082275,0.021537065505981445,,
16875,glacier,2,2,0,0,4.340521812438965,0.6545522432005925,0.0,0.007,0.0,1.0,4.340521812438965,0.0024,1.0,1.0,0.5761169195175171,0.9219613075256348,,
16989,imfact_default,2,2,0,0,0.5925342440605164,0.10397045530470099,0.00019999999999997797,1.0,0.9902529316037433,1.0,0.5925342440605164,0.8614,1.0,1.0,0.5646175742149353,0.19508576393127441,23.0,
16989,native_guide,2,2,0,0,0.2899189591407776,0.050871331885846416,0.6226,0.9918,0.9983090983286939,1.0,0.2899189591407776,0.9608,1.0,1.0,0.3576258718967438,7.542391777038574,,
16989,wachter,2,2,0,0,0.9179335832595825,0.16106743795423112,0.0,1.0,0.0,1.0,0.9179335832595825,0.4816,1.0,1.0,0.5761169195175171,0.020334482192993164,,
16989,glacier,2,2,0,0,3.6766083240509033,0.6451249784469595,0.0,0.0862,0.0,1.0,3.6766083240509033,0.0302,1.0,1.0,0.5761169195175171,0.5329406261444092,,
17092,imfact_default,2,2,0,0,0.6868347525596619,0.08492149128805461,0.00019999999999997797,0.9988,0.9866823969586193,1.0,0.6868347525596619,0.7768,1.0,1.0,0.47046077251434326,0.28726935386657715,22.0,
17092,native_guide,2,2,0,0,0.8535681962966919,0.10553671589189642,0.2148,0.974,0.9529745977351392,1.0,0.8535681962966919,0.753,1.0,1.0,0.4401070773601532,15.338440656661987,,
17092,wachter,2,2,0,0,0.7866528630256653,0.09726318303667132,0.0,0.9962,0.9901808734669917,1.0,0.7866528630256653,0.8518,1.0,1.0,0.5757395625114441,0.028316497802734375,,
17092,glacier,2,2,0,0,0.6369893550872803,0.07875851617442599,0.0008000000000000229,0.9452,0.9754859340035382,1.0,0.6369893550872803,0.8678,1.0,1.0,0.5761166214942932,1.4463660717010498,,
